{"cameraMode":{"drawMode":0,"name":"Shaded","section":"Shading Mode"},"sceneLighting":true,"audioPlay":false,"sceneViewState":{"m_AlwaysRefresh":false,"showFog":true,"showSkybox":true,"showFlares":true,"showImageEffects":true,"showParticleSystems":true,"showVisualEffectGraphs":true,"m_FxEnabled":true},"in2DMode":false,"pivot":{"x":-4.371838569641113,"y":-13.642101287841797,"z":-29.140609741210939},"rotation":{"x":0.005961684975773096,"y":0.9452936053276062,"z":-0.3256989121437073,"w":0.017301559448242189},"size":28.955087661743165,"orthographic":false}